{"BipolarDisorder": 0.9800312519073486, "Depression": 0.3327314853668213, "AnxietyDisorder": 0.13013282418251038, "Schizophrenia": 0.9999958276748657, "PTSD": 3.800063132075593e-05}
{"BipolarDisorder": 0.9800312519073486, "Depression": 0.3327314853668213, "AnxietyDisorder": 0.13013282418251038, "Schizophrenia": 0.9999958276748657, "PTSD": 3.800063132075593e-05}
{"BipolarDisorder": 0.9800312519073486, "Depression": 0.3327314853668213, "AnxietyDisorder": 0.13013282418251038, "Schizophrenia": 0.9999958276748657, "PTSD": 3.800063132075593e-05}
